{"confusion_matrix": [[2398, 2], [0, 602]], "roc_auc": 0.99999792358804, "fpr": [0.0, 0.0, 0.0, 0.0, 0.0, 0.0, 0.0, 0.0, 0.0, 0.0, 0.0, 0.0004166666666666667, 0.0004166666666666667, 0.0008333333333333334, 0.0008333333333333334, 0.005, 0.005833333333333334, 0.007083333333333333, 0.015416666666666667, 0.03875, 1.0], "tpr": [0.0, 0.8322259136212624, 0.9019933554817275, 0.9385382059800664, 0.9485049833887044, 0.9601328903654485, 0.9667774086378738, 0.9767441860465116, 0.9833887043189369, 0.9883720930232558, 0.9966777408637874, 0.9966777408637874, 0.9983388704318937, 0.9983388704318937, 1.0, 1.0, 1.0, 1.0, 1.0, 1.0, 1.0]}